id,race_ref,season_id,round,race_name,race_date,race_time,circuit_id
1,1950_1,1,1,British Grand Prix,1950-05-13,,1
2,1950_2,1,2,Monaco Grand Prix,1950-05-21,,2
3,1950_3,1,3,Indianapolis 500,1950-05-30,,3
4,1950_4,1,4,Swiss Grand Prix,1950-06-04,,4
5,1950_5,1,5,Belgian Grand Prix,1950-06-18,,5
6,1950_6,1,6,French Grand Prix,1950-07-02,,6
7,1950_7,1,7,Italian Grand Prix,1950-09-03,,7
8,1951_1,2,1,Swiss Grand Prix,1951-05-27,,4
9,1951_2,2,2,Indianapolis 500,1951-05-30,,3
10,1951_3,2,3,Belgian Grand Prix,1951-06-17,,5
11,1951_4,2,4,French Grand Prix,1951-07-01,,6
12,1951_5,2,5,British Grand Prix,1951-07-14,,1
13,1951_6,2,6,German Grand Prix,1951-07-29,,8
14,1951_7,2,7,Italian Grand Prix,1951-09-16,,7
15,1951_8,2,8,Spanish Grand Prix,1951-10-28,,9
16,1952_1,3,1,Swiss Grand Prix,1952-05-18,,4
17,1952_2,3,2,Indianapolis 500,1952-05-30,,3
18,1952_3,3,3,Belgian Grand Prix,1952-06-22,,5
19,1952_4,3,4,French Grand Prix,1952-07-06,,10
20,1952_5,3,5,British Grand Prix,1952-07-19,,1
21,1952_6,3,6,German Grand Prix,1952-08-03,,8
22,1952_7,3,7,Dutch Grand Prix,1952-08-17,,11
23,1952_8,3,8,Italian Grand Prix,1952-09-07,,7
24,1953_1,4,1,Argentine Grand Prix,1953-01-18,,12
25,1953_2,4,2,Indianapolis 500,1953-05-30,,3
26,1953_3,4,3,Dutch Grand Prix,1953-06-07,,11
27,1953_4,4,4,Belgian Grand Prix,1953-06-21,,5
28,1953_5,4,5,French Grand Prix,1953-07-05,,6
29,1953_6,4,6,British Grand Prix,1953-07-18,,1
30,1953_7,4,7,German Grand Prix,1953-08-02,,8
31,1953_8,4,8,Swiss Grand Prix,1953-08-23,,4
32,1953_9,4,9,Italian Grand Prix,1953-09-13,,7
33,1954_1,5,1,Argentine Grand Prix,1954-01-17,,12
34,1954_2,5,2,Indianapolis 500,1954-05-31,,3
35,1954_3,5,3,Belgian Grand Prix,1954-06-20,,5
36,1954_4,5,4,French Grand Prix,1954-07-04,,6
37,1954_5,5,5,British Grand Prix,1954-07-17,,1
38,1954_6,5,6,German Grand Prix,1954-08-01,,8
39,1954_7,5,7,Swiss Grand Prix,1954-08-22,,4
40,1954_8,5,8,Italian Grand Prix,1954-09-05,,7
41,1954_9,5,9,Spanish Grand Prix,1954-10-24,,9
42,1955_1,6,1,Argentine Grand Prix,1955-01-16,,12
43,1955_2,6,2,Monaco Grand Prix,1955-05-22,,2
44,1955_3,6,3,Indianapolis 500,1955-05-30,,3
45,1955_4,6,4,Belgian Grand Prix,1955-06-05,,5
46,1955_5,6,5,Dutch Grand Prix,1955-06-19,,11
47,1955_6,6,6,British Grand Prix,1955-07-16,,13
48,1955_7,6,7,Italian Grand Prix,1955-09-11,,7
49,1956_1,7,1,Argentine Grand Prix,1956-01-22,,12
50,1956_2,7,2,Monaco Grand Prix,1956-05-13,,2
51,1956_3,7,3,Indianapolis 500,1956-05-30,,3
52,1956_4,7,4,Belgian Grand Prix,1956-06-03,,5
53,1956_5,7,5,French Grand Prix,1956-07-01,,6
54,1956_6,7,6,British Grand Prix,1956-07-14,,1
55,1956_7,7,7,German Grand Prix,1956-08-05,,8
56,1956_8,7,8,Italian Grand Prix,1956-09-02,,7
57,1957_1,8,1,Argentine Grand Prix,1957-01-13,,12
58,1957_2,8,2,Monaco Grand Prix,1957-05-19,,2
59,1957_3,8,3,Indianapolis 500,1957-05-30,,3
60,1957_4,8,4,French Grand Prix,1957-07-07,,10
61,1957_5,8,5,British Grand Prix,1957-07-20,,13
62,1957_6,8,6,German Grand Prix,1957-08-04,,8
63,1957_7,8,7,Pescara Grand Prix,1957-08-18,,14
64,1957_8,8,8,Italian Grand Prix,1957-09-08,,7
65,1958_1,9,1,Argentine Grand Prix,1958-01-19,,12
66,1958_2,9,2,Monaco Grand Prix,1958-05-18,,2
67,1958_3,9,3,Dutch Grand Prix,1958-05-26,,11
68,1958_4,9,4,Indianapolis 500,1958-05-30,,3
69,1958_5,9,5,Belgian Grand Prix,1958-06-15,,5
70,1958_6,9,6,French Grand Prix,1958-07-06,,6
71,1958_7,9,7,British Grand Prix,1958-07-19,,1
72,1958_8,9,8,German Grand Prix,1958-08-03,,8
73,1958_9,9,9,Portuguese Grand Prix,1958-08-24,,15
74,1958_10,9,10,Italian Grand Prix,1958-09-07,,7
75,1958_11,9,11,Moroccan Grand Prix,1958-10-19,,16
76,1959_1,10,1,Monaco Grand Prix,1959-05-10,,2
77,1959_2,10,2,Indianapolis 500,1959-05-30,,3
78,1959_3,10,3,Dutch Grand Prix,1959-05-31,,11
79,1959_4,10,4,French Grand Prix,1959-07-05,,6
80,1959_5,10,5,British Grand Prix,1959-07-18,,13
81,1959_6,10,6,German Grand Prix,1959-08-02,,17
82,1959_7,10,7,Portuguese Grand Prix,1959-08-23,,18
83,1959_8,10,8,Italian Grand Prix,1959-09-13,,7
84,1959_9,10,9,United States Grand Prix,1959-12-12,,19
85,1960_1,11,1,Argentine Grand Prix,1960-02-07,,12
86,1960_2,11,2,Monaco Grand Prix,1960-05-29,,2
87,1960_3,11,3,Indianapolis 500,1960-05-30,,3
88,1960_4,11,4,Dutch Grand Prix,1960-06-06,,11
89,1960_5,11,5,Belgian Grand Prix,1960-06-19,,5
90,1960_6,11,6,French Grand Prix,1960-07-03,,6
91,1960_7,11,7,British Grand Prix,1960-07-16,,1
92,1960_8,11,8,Portuguese Grand Prix,1960-08-14,,15
93,1960_9,11,9,Italian Grand Prix,1960-09-04,,7
94,1960_10,11,10,United States Grand Prix,1960-11-20,,20
95,1961_1,12,1,Monaco Grand Prix,1961-05-14,,2
96,1961_2,12,2,Dutch Grand Prix,1961-05-22,,11
97,1961_3,12,3,Belgian Grand Prix,1961-06-18,,5
98,1961_4,12,4,French Grand Prix,1961-07-02,,6
99,1961_5,12,5,British Grand Prix,1961-07-15,,13
100,1961_6,12,6,German Grand Prix,1961-08-06,,8
101,1961_7,12,7,Italian Grand Prix,1961-09-10,,7
102,1961_8,12,8,United States Grand Prix,1961-10-08,,21
103,1962_1,13,1,Dutch Grand Prix,1962-05-20,,11
104,1962_2,13,2,Monaco Grand Prix,1962-06-03,,2
105,1962_3,13,3,Belgian Grand Prix,1962-06-17,,5
106,1962_4,13,4,French Grand Prix,1962-07-08,,10
107,1962_5,13,5,British Grand Prix,1962-07-21,,13
108,1962_6,13,6,German Grand Prix,1962-08-05,,8
109,1962_7,13,7,Italian Grand Prix,1962-09-16,,7
110,1962_8,13,8,United States Grand Prix,1962-10-07,,21
111,1962_9,13,9,South African Grand Prix,1962-12-29,,22
112,1963_1,14,1,Monaco Grand Prix,1963-05-26,,2
113,1963_2,14,2,Belgian Grand Prix,1963-06-09,,5
114,1963_3,14,3,Dutch Grand Prix,1963-06-23,,11
115,1963_4,14,4,French Grand Prix,1963-06-30,,6
116,1963_5,14,5,British Grand Prix,1963-07-20,,1
117,1963_6,14,6,German Grand Prix,1963-08-04,,8
118,1963_7,14,7,Italian Grand Prix,1963-09-08,,7
119,1963_8,14,8,United States Grand Prix,1963-10-06,,21
120,1963_9,14,9,Mexican Grand Prix,1963-10-27,,23
121,1963_10,14,10,South African Grand Prix,1963-12-28,,22
122,1964_1,15,1,Monaco Grand Prix,1964-05-10,,2
123,1964_2,15,2,Dutch Grand Prix,1964-05-24,,11
124,1964_3,15,3,Belgian Grand Prix,1964-06-14,,5
125,1964_4,15,4,French Grand Prix,1964-06-28,,10
126,1964_5,15,5,British Grand Prix,1964-07-11,,24
127,1964_6,15,6,German Grand Prix,1964-08-02,,8
128,1964_7,15,7,Austrian Grand Prix,1964-08-23,,25
129,1964_8,15,8,Italian Grand Prix,1964-09-06,,7
130,1964_9,15,9,United States Grand Prix,1964-10-04,,21
131,1964_10,15,10,Mexican Grand Prix,1964-10-25,,23
132,1965_1,16,1,South African Grand Prix,1965-01-01,,22
133,1965_2,16,2,Monaco Grand Prix,1965-05-30,,2
134,1965_3,16,3,Belgian Grand Prix,1965-06-13,,5
135,1965_4,16,4,French Grand Prix,1965-06-27,,26
136,1965_5,16,5,British Grand Prix,1965-07-10,,1
137,1965_6,16,6,Dutch Grand Prix,1965-07-18,,11
138,1965_7,16,7,German Grand Prix,1965-08-01,,8
139,1965_8,16,8,Italian Grand Prix,1965-09-12,,7
140,1965_9,16,9,United States Grand Prix,1965-10-03,,21
141,1965_10,16,10,Mexican Grand Prix,1965-10-24,,23
142,1966_1,17,1,Monaco Grand Prix,1966-05-22,,2
143,1966_2,17,2,Belgian Grand Prix,1966-06-12,,5
144,1966_3,17,3,French Grand Prix,1966-07-03,,6
145,1966_4,17,4,British Grand Prix,1966-07-16,,24
146,1966_5,17,5,Dutch Grand Prix,1966-07-24,,11
147,1966_6,17,6,German Grand Prix,1966-08-07,,8
148,1966_7,17,7,Italian Grand Prix,1966-09-04,,7
149,1966_8,17,8,United States Grand Prix,1966-10-02,,21
150,1966_9,17,9,Mexican Grand Prix,1966-10-23,,23
151,1967_1,18,1,South African Grand Prix,1967-01-02,,27
152,1967_2,18,2,Monaco Grand Prix,1967-05-07,,2
153,1967_3,18,3,Dutch Grand Prix,1967-06-04,,11
154,1967_4,18,4,Belgian Grand Prix,1967-06-18,,5
155,1967_5,18,5,French Grand Prix,1967-07-02,,28
156,1967_6,18,6,British Grand Prix,1967-07-15,,1
157,1967_7,18,7,German Grand Prix,1967-08-06,,8
158,1967_8,18,8,Canadian Grand Prix,1967-08-27,,29
159,1967_9,18,9,Italian Grand Prix,1967-09-10,,7
160,1967_10,18,10,United States Grand Prix,1967-10-01,,21
161,1967_11,18,11,Mexican Grand Prix,1967-10-22,,23
162,1968_1,19,1,South African Grand Prix,1968-01-01,,27
163,1968_2,19,2,Spanish Grand Prix,1968-05-12,,30
164,1968_3,19,3,Monaco Grand Prix,1968-05-26,,2
165,1968_4,19,4,Belgian Grand Prix,1968-06-09,,5
166,1968_5,19,5,Dutch Grand Prix,1968-06-23,,11
167,1968_6,19,6,French Grand Prix,1968-07-07,,10
168,1968_7,19,7,British Grand Prix,1968-07-20,,24
169,1968_8,19,8,German Grand Prix,1968-08-04,,8
170,1968_9,19,9,Italian Grand Prix,1968-09-08,,7
171,1968_10,19,10,Canadian Grand Prix,1968-09-22,,31
172,1968_11,19,11,United States Grand Prix,1968-10-06,,21
173,1968_12,19,12,Mexican Grand Prix,1968-11-03,,23
174,1969_1,20,1,South African Grand Prix,1969-03-01,,27
175,1969_2,20,2,Spanish Grand Prix,1969-05-04,,32
176,1969_3,20,3,Monaco Grand Prix,1969-05-18,,2
177,1969_4,20,4,Dutch Grand Prix,1969-06-21,,11
178,1969_5,20,5,French Grand Prix,1969-07-06,,26
179,1969_6,20,6,British Grand Prix,1969-07-19,,1
180,1969_7,20,7,German Grand Prix,1969-08-03,,8
181,1969_8,20,8,Italian Grand Prix,1969-09-07,,7
182,1969_9,20,9,Canadian Grand Prix,1969-09-20,,29
183,1969_10,20,10,United States Grand Prix,1969-10-05,,21
184,1969_11,20,11,Mexican Grand Prix,1969-10-19,,23
185,1970_1,21,1,South African Grand Prix,1970-03-07,,27
186,1970_2,21,2,Spanish Grand Prix,1970-04-19,,30
187,1970_3,21,3,Monaco Grand Prix,1970-05-10,,2
188,1970_4,21,4,Belgian Grand Prix,1970-06-07,,5
189,1970_5,21,5,Dutch Grand Prix,1970-06-21,,11
190,1970_6,21,6,French Grand Prix,1970-07-05,,26
191,1970_7,21,7,British Grand Prix,1970-07-18,,24
192,1970_8,21,8,German Grand Prix,1970-08-02,,33
193,1970_9,21,9,Austrian Grand Prix,1970-08-16,,34
194,1970_10,21,10,Italian Grand Prix,1970-09-06,,7
195,1970_11,21,11,Canadian Grand Prix,1970-09-20,,31
196,1970_12,21,12,United States Grand Prix,1970-10-04,,21
197,1970_13,21,13,Mexican Grand Prix,1970-10-25,,23
198,1971_1,22,1,South African Grand Prix,1971-03-06,,27
199,1971_2,22,2,Spanish Grand Prix,1971-04-18,,32
200,1971_3,22,3,Monaco Grand Prix,1971-05-23,,2
201,1971_4,22,4,Dutch Grand Prix,1971-06-20,,11
202,1971_5,22,5,French Grand Prix,1971-07-04,,35
203,1971_6,22,6,British Grand Prix,1971-07-17,,1
204,1971_7,22,7,German Grand Prix,1971-08-01,,8
205,1971_8,22,8,Austrian Grand Prix,1971-08-15,,34
206,1971_9,22,9,Italian Grand Prix,1971-09-05,,7
207,1971_10,22,10,Canadian Grand Prix,1971-09-19,,29
208,1971_11,22,11,United States Grand Prix,1971-10-03,,21
209,1972_1,23,1,Argentine Grand Prix,1972-01-23,,12
210,1972_2,23,2,South African Grand Prix,1972-03-04,,27
211,1972_3,23,3,Spanish Grand Prix,1972-05-01,,30
212,1972_4,23,4,Monaco Grand Prix,1972-05-14,,2
213,1972_5,23,5,Belgian Grand Prix,1972-06-04,,36
214,1972_6,23,6,French Grand Prix,1972-07-02,,26
215,1972_7,23,7,British Grand Prix,1972-07-15,,24
216,1972_8,23,8,German Grand Prix,1972-07-30,,8
217,1972_9,23,9,Austrian Grand Prix,1972-08-13,,34
218,1972_10,23,10,Italian Grand Prix,1972-09-10,,7
219,1972_11,23,11,Canadian Grand Prix,1972-09-24,,29
220,1972_12,23,12,United States Grand Prix,1972-10-08,,21
221,1973_1,24,1,Argentine Grand Prix,1973-01-28,,12
222,1973_2,24,2,Brazilian Grand Prix,1973-02-11,,37
223,1973_3,24,3,South African Grand Prix,1973-03-03,,27
224,1973_4,24,4,Spanish Grand Prix,1973-04-29,,32
225,1973_5,24,5,Belgian Grand Prix,1973-05-20,,38
226,1973_6,24,6,Monaco Grand Prix,1973-06-03,,2
227,1973_7,24,7,Swedish Grand Prix,1973-06-17,,39
228,1973_8,24,8,French Grand Prix,1973-07-01,,35
229,1973_9,24,9,British Grand Prix,1973-07-14,,1
230,1973_10,24,10,Dutch Grand Prix,1973-07-29,,11
231,1973_11,24,11,German Grand Prix,1973-08-05,,8
232,1973_12,24,12,Austrian Grand Prix,1973-08-19,,34
233,1973_13,24,13,Italian Grand Prix,1973-09-09,,7
234,1973_14,24,14,Canadian Grand Prix,1973-09-23,,29
235,1973_15,24,15,United States Grand Prix,1973-10-07,,21
236,1974_1,25,1,Argentine Grand Prix,1974-01-13,,12
237,1974_2,25,2,Brazilian Grand Prix,1974-01-27,,37
238,1974_3,25,3,South African Grand Prix,1974-03-30,,27
239,1974_4,25,4,Spanish Grand Prix,1974-04-28,,30
240,1974_5,25,5,Belgian Grand Prix,1974-05-12,,36
241,1974_6,25,6,Monaco Grand Prix,1974-05-26,,2
242,1974_7,25,7,Swedish Grand Prix,1974-06-09,,39
243,1974_8,25,8,Dutch Grand Prix,1974-06-23,,11
244,1974_9,25,9,French Grand Prix,1974-07-07,,40
245,1974_10,25,10,British Grand Prix,1974-07-20,,24
246,1974_11,25,11,German Grand Prix,1974-08-04,,8
247,1974_12,25,12,Austrian Grand Prix,1974-08-18,,34
248,1974_13,25,13,Italian Grand Prix,1974-09-08,,7
249,1974_14,25,14,Canadian Grand Prix,1974-09-22,,29
250,1974_15,25,15,United States Grand Prix,1974-10-06,,21
251,1975_1,26,1,Argentine Grand Prix,1975-01-12,,12
252,1975_2,26,2,Brazilian Grand Prix,1975-01-26,,37
253,1975_3,26,3,South African Grand Prix,1975-03-01,,27
254,1975_4,26,4,Spanish Grand Prix,1975-04-27,,32
255,1975_5,26,5,Monaco Grand Prix,1975-05-11,,2
256,1975_6,26,6,Belgian Grand Prix,1975-05-25,,38
257,1975_7,26,7,Swedish Grand Prix,1975-06-08,,39
258,1975_8,26,8,Dutch Grand Prix,1975-06-22,,11
259,1975_9,26,9,French Grand Prix,1975-07-06,,35
260,1975_10,26,10,British Grand Prix,1975-07-19,,1
261,1975_11,26,11,German Grand Prix,1975-08-03,,8
262,1975_12,26,12,Austrian Grand Prix,1975-08-17,,34
263,1975_13,26,13,Italian Grand Prix,1975-09-07,,7
264,1975_14,26,14,United States Grand Prix,1975-10-05,,21
265,1976_1,27,1,Brazilian Grand Prix,1976-01-25,,37
266,1976_2,27,2,South African Grand Prix,1976-03-06,,27
267,1976_3,27,3,United States Grand Prix West,1976-03-28,,41
268,1976_4,27,4,Spanish Grand Prix,1976-05-02,,30
269,1976_5,27,5,Belgian Grand Prix,1976-05-16,,38
270,1976_6,27,6,Monaco Grand Prix,1976-05-30,,2
271,1976_7,27,7,Swedish Grand Prix,1976-06-13,,39
272,1976_8,27,8,French Grand Prix,1976-07-04,,35
273,1976_9,27,9,British Grand Prix,1976-07-18,,24
274,1976_10,27,10,German Grand Prix,1976-08-01,,8
275,1976_11,27,11,Austrian Grand Prix,1976-08-15,,34
276,1976_12,27,12,Dutch Grand Prix,1976-08-29,,11
277,1976_13,27,13,Italian Grand Prix,1976-09-12,,7
278,1976_14,27,14,Canadian Grand Prix,1976-10-03,,29
279,1976_15,27,15,United States Grand Prix,1976-10-10,,21
280,1976_16,27,16,Japanese Grand Prix,1976-10-24,,42
281,1977_1,28,1,Argentine Grand Prix,1977-01-09,,12
282,1977_2,28,2,Brazilian Grand Prix,1977-01-23,,37
283,1977_3,28,3,South African Grand Prix,1977-03-05,,27
284,1977_4,28,4,United States Grand Prix West,1977-04-03,,41
285,1977_5,28,5,Spanish Grand Prix,1977-05-08,,30
286,1977_6,28,6,Monaco Grand Prix,1977-05-22,,2
287,1977_7,28,7,Belgian Grand Prix,1977-06-05,,38
288,1977_8,28,8,Swedish Grand Prix,1977-06-19,,39
289,1977_9,28,9,French Grand Prix,1977-07-03,,40
290,1977_10,28,10,British Grand Prix,1977-07-16,,1
291,1977_11,28,11,German Grand Prix,1977-07-31,,33
292,1977_12,28,12,Austrian Grand Prix,1977-08-14,,34
293,1977_13,28,13,Dutch Grand Prix,1977-08-28,,11
294,1977_14,28,14,Italian Grand Prix,1977-09-11,,7
295,1977_15,28,15,United States Grand Prix,1977-10-02,,21
296,1977_16,28,16,Canadian Grand Prix,1977-10-09,,29
297,1977_17,28,17,Japanese Grand Prix,1977-10-23,,42
298,1978_1,29,1,Argentine Grand Prix,1978-01-15,,12
299,1978_2,29,2,Brazilian Grand Prix,1978-01-29,,43
300,1978_3,29,3,South African Grand Prix,1978-03-04,,27
301,1978_4,29,4,United States Grand Prix West,1978-04-02,,41
302,1978_5,29,5,Monaco Grand Prix,1978-05-07,,2
303,1978_6,29,6,Belgian Grand Prix,1978-05-21,,38
304,1978_7,29,7,Spanish Grand Prix,1978-06-04,,30
305,1978_8,29,8,Swedish Grand Prix,1978-06-17,,39
306,1978_9,29,9,French Grand Prix,1978-07-02,,35
307,1978_10,29,10,British Grand Prix,1978-07-16,,24
308,1978_11,29,11,German Grand Prix,1978-07-30,,33
309,1978_12,29,12,Austrian Grand Prix,1978-08-13,,34
310,1978_13,29,13,Dutch Grand Prix,1978-08-27,,11
311,1978_14,29,14,Italian Grand Prix,1978-09-10,,7
312,1978_15,29,15,United States Grand Prix,1978-10-01,,21
313,1978_16,29,16,Canadian Grand Prix,1978-10-08,,44
314,1979_1,30,1,Argentine Grand Prix,1979-01-21,,12
315,1979_2,30,2,Brazilian Grand Prix,1979-02-04,,37
316,1979_3,30,3,South African Grand Prix,1979-03-03,,27
317,1979_4,30,4,United States Grand Prix West,1979-04-08,,41
318,1979_5,30,5,Spanish Grand Prix,1979-04-29,,30
319,1979_6,30,6,Belgian Grand Prix,1979-05-13,,38
320,1979_7,30,7,Monaco Grand Prix,1979-05-27,,2
321,1979_8,30,8,French Grand Prix,1979-07-01,,40
322,1979_9,30,9,British Grand Prix,1979-07-14,,1
323,1979_10,30,10,German Grand Prix,1979-07-29,,33
324,1979_11,30,11,Austrian Grand Prix,1979-08-12,,34
325,1979_12,30,12,Dutch Grand Prix,1979-08-26,,11
326,1979_13,30,13,Italian Grand Prix,1979-09-09,,7
327,1979_14,30,14,Canadian Grand Prix,1979-09-30,,44
328,1979_15,30,15,United States Grand Prix,1979-10-07,,21
329,1980_1,31,1,Argentine Grand Prix,1980-01-13,,12
330,1980_2,31,2,Brazilian Grand Prix,1980-01-27,,37
331,1980_3,31,3,South African Grand Prix,1980-03-01,,27
332,1980_4,31,4,United States Grand Prix West,1980-03-30,,41
333,1980_5,31,5,Belgian Grand Prix,1980-05-04,,38
334,1980_6,31,6,Monaco Grand Prix,1980-05-18,,2
335,1980_7,31,7,French Grand Prix,1980-06-29,,35
336,1980_8,31,8,British Grand Prix,1980-07-13,,24
337,1980_9,31,9,German Grand Prix,1980-08-10,,33
338,1980_10,31,10,Austrian Grand Prix,1980-08-17,,34
339,1980_11,31,11,Dutch Grand Prix,1980-08-31,,11
340,1980_12,31,12,Italian Grand Prix,1980-09-14,,45
341,1980_13,31,13,Canadian Grand Prix,1980-09-28,,44
342,1980_14,31,14,United States Grand Prix,1980-10-05,,21
343,1981_1,32,1,United States Grand Prix West,1981-03-15,,41
344,1981_2,32,2,Brazilian Grand Prix,1981-03-29,,43
345,1981_3,32,3,Argentine Grand Prix,1981-04-12,,12
346,1981_4,32,4,San Marino Grand Prix,1981-05-03,,45
347,1981_5,32,5,Belgian Grand Prix,1981-05-17,,38
348,1981_6,32,6,Monaco Grand Prix,1981-05-31,,2
349,1981_7,32,7,Spanish Grand Prix,1981-06-21,,30
350,1981_8,32,8,French Grand Prix,1981-07-05,,40
351,1981_9,32,9,British Grand Prix,1981-07-18,,1
352,1981_10,32,10,German Grand Prix,1981-08-02,,33
353,1981_11,32,11,Austrian Grand Prix,1981-08-16,,34
354,1981_12,32,12,Dutch Grand Prix,1981-08-30,,11
355,1981_13,32,13,Italian Grand Prix,1981-09-13,,7
356,1981_14,32,14,Canadian Grand Prix,1981-09-27,,44
357,1981_15,32,15,Caesars Palace Grand Prix,1981-10-17,,46
358,1982_1,33,1,South African Grand Prix,1982-01-23,,27
359,1982_2,33,2,Brazilian Grand Prix,1982-03-21,,43
360,1982_3,33,3,United States Grand Prix West,1982-04-04,,41
361,1982_4,33,4,San Marino Grand Prix,1982-04-25,,45
362,1982_5,33,5,Belgian Grand Prix,1982-05-09,,38
363,1982_6,33,6,Monaco Grand Prix,1982-05-23,,2
364,1982_7,33,7,Detroit Grand Prix,1982-06-06,,47
365,1982_8,33,8,Canadian Grand Prix,1982-06-13,,44
366,1982_9,33,9,Dutch Grand Prix,1982-07-03,,11
367,1982_10,33,10,British Grand Prix,1982-07-18,,24
368,1982_11,33,11,French Grand Prix,1982-07-25,,35
369,1982_12,33,12,German Grand Prix,1982-08-08,,33
370,1982_13,33,13,Austrian Grand Prix,1982-08-15,,34
371,1982_14,33,14,Swiss Grand Prix,1982-08-29,,40
372,1982_15,33,15,Italian Grand Prix,1982-09-12,,7
373,1982_16,33,16,Caesars Palace Grand Prix,1982-09-25,,46
374,1983_1,34,1,Brazilian Grand Prix,1983-03-13,,43
375,1983_2,34,2,United States Grand Prix West,1983-03-27,,41
376,1983_3,34,3,French Grand Prix,1983-04-17,,35
377,1983_4,34,4,San Marino Grand Prix,1983-05-01,,45
378,1983_5,34,5,Monaco Grand Prix,1983-05-15,,2
379,1983_6,34,6,Belgian Grand Prix,1983-05-22,,5
380,1983_7,34,7,Detroit Grand Prix,1983-06-05,,47
381,1983_8,34,8,Canadian Grand Prix,1983-06-12,,44
382,1983_9,34,9,British Grand Prix,1983-07-16,,1
383,1983_10,34,10,German Grand Prix,1983-08-07,,33
384,1983_11,34,11,Austrian Grand Prix,1983-08-14,,34
385,1983_12,34,12,Dutch Grand Prix,1983-08-28,,11
386,1983_13,34,13,Italian Grand Prix,1983-09-11,,7
387,1983_14,34,14,European Grand Prix,1983-09-25,,24
388,1983_15,34,15,South African Grand Prix,1983-10-15,,27
389,1984_1,35,1,Brazilian Grand Prix,1984-03-25,,43
390,1984_2,35,2,South African Grand Prix,1984-04-07,,27
391,1984_3,35,3,Belgian Grand Prix,1984-04-29,,38
392,1984_4,35,4,San Marino Grand Prix,1984-05-06,,45
393,1984_5,35,5,French Grand Prix,1984-05-20,,40
394,1984_6,35,6,Monaco Grand Prix,1984-06-03,,2
395,1984_7,35,7,Canadian Grand Prix,1984-06-17,,44
396,1984_8,35,8,Detroit Grand Prix,1984-06-24,,47
397,1984_9,35,9,Dallas Grand Prix,1984-07-08,,48
398,1984_10,35,10,British Grand Prix,1984-07-22,,24
399,1984_11,35,11,German Grand Prix,1984-08-05,,33
400,1984_12,35,12,Austrian Grand Prix,1984-08-19,,34
401,1984_13,35,13,Dutch Grand Prix,1984-08-26,,11
402,1984_14,35,14,Italian Grand Prix,1984-09-09,,7
403,1984_15,35,15,European Grand Prix,1984-10-07,,8
404,1984_16,35,16,Portuguese Grand Prix,1984-10-21,,49
405,1985_1,36,1,Brazilian Grand Prix,1985-04-07,,43
406,1985_2,36,2,Portuguese Grand Prix,1985-04-21,,49
407,1985_3,36,3,San Marino Grand Prix,1985-05-05,,45
408,1985_4,36,4,Monaco Grand Prix,1985-05-19,,2
409,1985_5,36,5,Canadian Grand Prix,1985-06-16,,44
410,1985_6,36,6,Detroit Grand Prix,1985-06-23,,47
411,1985_7,36,7,French Grand Prix,1985-07-07,,35
412,1985_8,36,8,British Grand Prix,1985-07-21,,1
413,1985_9,36,9,German Grand Prix,1985-08-04,,8
414,1985_10,36,10,Austrian Grand Prix,1985-08-18,,34
415,1985_11,36,11,Dutch Grand Prix,1985-08-25,,11
416,1985_12,36,12,Italian Grand Prix,1985-09-08,,7
417,1985_13,36,13,Belgian Grand Prix,1985-09-15,,5
418,1985_14,36,14,European Grand Prix,1985-10-06,,24
419,1985_15,36,15,South African Grand Prix,1985-10-19,,27
420,1985_16,36,16,Australian Grand Prix,1985-11-03,,50
421,1986_1,37,1,Brazilian Grand Prix,1986-03-23,,43
422,1986_2,37,2,Spanish Grand Prix,1986-04-13,,51
423,1986_3,37,3,San Marino Grand Prix,1986-04-27,,45
424,1986_4,37,4,Monaco Grand Prix,1986-05-11,,2
425,1986_5,37,5,Belgian Grand Prix,1986-05-25,,5
426,1986_6,37,6,Canadian Grand Prix,1986-06-15,,44
427,1986_7,37,7,Detroit Grand Prix,1986-06-22,,47
428,1986_8,37,8,French Grand Prix,1986-07-06,,35
429,1986_9,37,9,British Grand Prix,1986-07-13,,24
430,1986_10,37,10,German Grand Prix,1986-07-27,,33
431,1986_11,37,11,Hungarian Grand Prix,1986-08-10,,52
432,1986_12,37,12,Austrian Grand Prix,1986-08-17,,34
433,1986_13,37,13,Italian Grand Prix,1986-09-07,,7
434,1986_14,37,14,Portuguese Grand Prix,1986-09-21,,49
435,1986_15,37,15,Mexican Grand Prix,1986-10-12,,23
436,1986_16,37,16,Australian Grand Prix,1986-10-26,,50
437,1987_1,38,1,Brazilian Grand Prix,1987-04-12,,43
438,1987_2,38,2,San Marino Grand Prix,1987-05-03,,45
439,1987_3,38,3,Belgian Grand Prix,1987-05-17,,5
440,1987_4,38,4,Monaco Grand Prix,1987-05-31,,2
441,1987_5,38,5,Detroit Grand Prix,1987-06-21,,47
442,1987_6,38,6,French Grand Prix,1987-07-05,,35
443,1987_7,38,7,British Grand Prix,1987-07-12,,1
444,1987_8,38,8,German Grand Prix,1987-07-26,,33
445,1987_9,38,9,Hungarian Grand Prix,1987-08-09,,52
446,1987_10,38,10,Austrian Grand Prix,1987-08-16,,34
447,1987_11,38,11,Italian Grand Prix,1987-09-06,,7
448,1987_12,38,12,Portuguese Grand Prix,1987-09-20,,49
449,1987_13,38,13,Spanish Grand Prix,1987-09-27,,51
450,1987_14,38,14,Mexican Grand Prix,1987-10-18,,23
451,1987_15,38,15,Japanese Grand Prix,1987-11-01,,53
452,1987_16,38,16,Australian Grand Prix,1987-11-15,,50
453,1988_1,39,1,Brazilian Grand Prix,1988-04-03,,43
454,1988_2,39,2,San Marino Grand Prix,1988-05-01,,45
455,1988_3,39,3,Monaco Grand Prix,1988-05-15,,2
456,1988_4,39,4,Mexican Grand Prix,1988-05-29,,23
457,1988_5,39,5,Canadian Grand Prix,1988-06-12,,44
458,1988_6,39,6,Detroit Grand Prix,1988-06-19,,47
459,1988_7,39,7,French Grand Prix,1988-07-03,,35
460,1988_8,39,8,British Grand Prix,1988-07-10,,1
461,1988_9,39,9,German Grand Prix,1988-07-24,,33
462,1988_10,39,10,Hungarian Grand Prix,1988-08-07,,52
463,1988_11,39,11,Belgian Grand Prix,1988-08-28,,5
464,1988_12,39,12,Italian Grand Prix,1988-09-11,,7
465,1988_13,39,13,Portuguese Grand Prix,1988-09-25,,49
466,1988_14,39,14,Spanish Grand Prix,1988-10-02,,51
467,1988_15,39,15,Japanese Grand Prix,1988-10-30,,53
468,1988_16,39,16,Australian Grand Prix,1988-11-13,,50
469,1989_1,40,1,Brazilian Grand Prix,1989-03-26,,43
470,1989_2,40,2,San Marino Grand Prix,1989-04-23,,45
471,1989_3,40,3,Monaco Grand Prix,1989-05-07,,2
472,1989_4,40,4,Mexican Grand Prix,1989-05-28,,23
473,1989_5,40,5,United States Grand Prix,1989-06-04,,54
474,1989_6,40,6,Canadian Grand Prix,1989-06-18,,44
475,1989_7,40,7,French Grand Prix,1989-07-09,,35
476,1989_8,40,8,British Grand Prix,1989-07-16,,1
477,1989_9,40,9,German Grand Prix,1989-07-30,,33
478,1989_10,40,10,Hungarian Grand Prix,1989-08-13,,52
479,1989_11,40,11,Belgian Grand Prix,1989-08-27,,5
480,1989_12,40,12,Italian Grand Prix,1989-09-10,,7
481,1989_13,40,13,Portuguese Grand Prix,1989-09-24,,49
482,1989_14,40,14,Spanish Grand Prix,1989-10-01,,51
483,1989_15,40,15,Japanese Grand Prix,1989-10-22,,53
484,1989_16,40,16,Australian Grand Prix,1989-11-05,,50
485,1990_1,41,1,United States Grand Prix,1990-03-11,,54
486,1990_2,41,2,Brazilian Grand Prix,1990-03-25,,37
487,1990_3,41,3,San Marino Grand Prix,1990-05-13,,45
488,1990_4,41,4,Monaco Grand Prix,1990-05-27,,2
489,1990_5,41,5,Canadian Grand Prix,1990-06-10,,44
490,1990_6,41,6,Mexican Grand Prix,1990-06-24,,23
491,1990_7,41,7,French Grand Prix,1990-07-08,,35
492,1990_8,41,8,British Grand Prix,1990-07-15,,1
493,1990_9,41,9,German Grand Prix,1990-07-29,,33
494,1990_10,41,10,Hungarian Grand Prix,1990-08-12,,52
495,1990_11,41,11,Belgian Grand Prix,1990-08-26,,5
496,1990_12,41,12,Italian Grand Prix,1990-09-09,,7
497,1990_13,41,13,Portuguese Grand Prix,1990-09-23,,49
498,1990_14,41,14,Spanish Grand Prix,1990-09-30,,51
499,1990_15,41,15,Japanese Grand Prix,1990-10-21,,53
500,1990_16,41,16,Australian Grand Prix,1990-11-04,,50
501,1991_1,42,1,United States Grand Prix,1991-03-10,,54
502,1991_2,42,2,Brazilian Grand Prix,1991-03-24,,37
503,1991_3,42,3,San Marino Grand Prix,1991-04-28,,45
504,1991_4,42,4,Monaco Grand Prix,1991-05-12,,2
505,1991_5,42,5,Canadian Grand Prix,1991-06-02,,44
506,1991_6,42,6,Mexican Grand Prix,1991-06-16,,23
507,1991_7,42,7,French Grand Prix,1991-07-07,,55
508,1991_8,42,8,British Grand Prix,1991-07-14,,1
509,1991_9,42,9,German Grand Prix,1991-07-28,,33
510,1991_10,42,10,Hungarian Grand Prix,1991-08-11,,52
511,1991_11,42,11,Belgian Grand Prix,1991-08-25,,5
512,1991_12,42,12,Italian Grand Prix,1991-09-08,,7
513,1991_13,42,13,Portuguese Grand Prix,1991-09-22,,49
514,1991_14,42,14,Spanish Grand Prix,1991-09-29,,56
515,1991_15,42,15,Japanese Grand Prix,1991-10-20,,53
516,1991_16,42,16,Australian Grand Prix,1991-11-03,,50
517,1992_1,43,1,South African Grand Prix,1992-03-01,,27
518,1992_2,43,2,Mexican Grand Prix,1992-03-22,,23
519,1992_3,43,3,Brazilian Grand Prix,1992-04-05,,37
520,1992_4,43,4,Spanish Grand Prix,1992-05-03,,56
521,1992_5,43,5,San Marino Grand Prix,1992-05-17,,45
522,1992_6,43,6,Monaco Grand Prix,1992-05-31,,2
523,1992_7,43,7,Canadian Grand Prix,1992-06-14,,44
524,1992_8,43,8,French Grand Prix,1992-07-05,,55
525,1992_9,43,9,British Grand Prix,1992-07-12,,1
526,1992_10,43,10,German Grand Prix,1992-07-26,,33
527,1992_11,43,11,Hungarian Grand Prix,1992-08-16,,52
528,1992_12,43,12,Belgian Grand Prix,1992-08-30,,5
529,1992_13,43,13,Italian Grand Prix,1992-09-13,,7
530,1992_14,43,14,Portuguese Grand Prix,1992-09-27,,49
531,1992_15,43,15,Japanese Grand Prix,1992-10-25,,53
532,1992_16,43,16,Australian Grand Prix,1992-11-08,,50
533,1993_1,44,1,South African Grand Prix,1993-03-14,,27
534,1993_2,44,2,Brazilian Grand Prix,1993-03-28,,37
535,1993_3,44,3,European Grand Prix,1993-04-11,,57
536,1993_4,44,4,San Marino Grand Prix,1993-04-25,,45
537,1993_5,44,5,Spanish Grand Prix,1993-05-09,,56
538,1993_6,44,6,Monaco Grand Prix,1993-05-23,,2
539,1993_7,44,7,Canadian Grand Prix,1993-06-13,,44
540,1993_8,44,8,French Grand Prix,1993-07-04,,55
541,1993_9,44,9,British Grand Prix,1993-07-11,,1
542,1993_10,44,10,German Grand Prix,1993-07-25,,33
543,1993_11,44,11,Hungarian Grand Prix,1993-08-15,,52
544,1993_12,44,12,Belgian Grand Prix,1993-08-29,,5
545,1993_13,44,13,Italian Grand Prix,1993-09-12,,7
546,1993_14,44,14,Portuguese Grand Prix,1993-09-26,,49
547,1993_15,44,15,Japanese Grand Prix,1993-10-24,,53
548,1993_16,44,16,Australian Grand Prix,1993-11-07,,50
549,1994_1,45,1,Brazilian Grand Prix,1994-03-27,,37
550,1994_2,45,2,Pacific Grand Prix,1994-04-17,,58
551,1994_3,45,3,San Marino Grand Prix,1994-05-01,,45
552,1994_4,45,4,Monaco Grand Prix,1994-05-15,,2
553,1994_5,45,5,Spanish Grand Prix,1994-05-29,,56
554,1994_6,45,6,Canadian Grand Prix,1994-06-12,,44
555,1994_7,45,7,French Grand Prix,1994-07-03,,55
556,1994_8,45,8,British Grand Prix,1994-07-10,,1
557,1994_9,45,9,German Grand Prix,1994-07-31,,33
558,1994_10,45,10,Hungarian Grand Prix,1994-08-14,,52
559,1994_11,45,11,Belgian Grand Prix,1994-08-28,,5
560,1994_12,45,12,Italian Grand Prix,1994-09-11,,7
561,1994_13,45,13,Portuguese Grand Prix,1994-09-25,,49
562,1994_14,45,14,European Grand Prix,1994-10-16,,51
563,1994_15,45,15,Japanese Grand Prix,1994-11-06,,53
564,1994_16,45,16,Australian Grand Prix,1994-11-13,,50
565,1995_1,46,1,Brazilian Grand Prix,1995-03-26,,37
566,1995_2,46,2,Argentine Grand Prix,1995-04-09,,12
567,1995_3,46,3,San Marino Grand Prix,1995-04-30,,45
568,1995_4,46,4,Spanish Grand Prix,1995-05-14,,56
569,1995_5,46,5,Monaco Grand Prix,1995-05-28,,2
570,1995_6,46,6,Canadian Grand Prix,1995-06-11,,44
571,1995_7,46,7,French Grand Prix,1995-07-02,,55
572,1995_8,46,8,British Grand Prix,1995-07-16,,1
573,1995_9,46,9,German Grand Prix,1995-07-30,,33
574,1995_10,46,10,Hungarian Grand Prix,1995-08-13,,52
575,1995_11,46,11,Belgian Grand Prix,1995-08-27,,5
576,1995_12,46,12,Italian Grand Prix,1995-09-10,,7
577,1995_13,46,13,Portuguese Grand Prix,1995-09-24,,49
578,1995_14,46,14,European Grand Prix,1995-10-01,,8
579,1995_15,46,15,Pacific Grand Prix,1995-10-22,,58
580,1995_16,46,16,Japanese Grand Prix,1995-10-29,,53
581,1995_17,46,17,Australian Grand Prix,1995-11-12,,50
582,1996_1,47,1,Australian Grand Prix,1996-03-10,,59
583,1996_2,47,2,Brazilian Grand Prix,1996-03-31,,37
584,1996_3,47,3,Argentine Grand Prix,1996-04-07,,12
585,1996_4,47,4,European Grand Prix,1996-04-28,,8
586,1996_5,47,5,San Marino Grand Prix,1996-05-05,,45
587,1996_6,47,6,Monaco Grand Prix,1996-05-19,,2
588,1996_7,47,7,Spanish Grand Prix,1996-06-02,,56
589,1996_8,47,8,Canadian Grand Prix,1996-06-16,,44
590,1996_9,47,9,French Grand Prix,1996-06-30,,55
591,1996_10,47,10,British Grand Prix,1996-07-14,,1
592,1996_11,47,11,German Grand Prix,1996-07-28,,33
593,1996_12,47,12,Hungarian Grand Prix,1996-08-11,,52
594,1996_13,47,13,Belgian Grand Prix,1996-08-25,,5
595,1996_14,47,14,Italian Grand Prix,1996-09-08,,7
596,1996_15,47,15,Portuguese Grand Prix,1996-09-22,,49
597,1996_16,47,16,Japanese Grand Prix,1996-10-13,,53
598,1997_1,48,1,Australian Grand Prix,1997-03-09,,59
599,1997_2,48,2,Brazilian Grand Prix,1997-03-30,,37
600,1997_3,48,3,Argentine Grand Prix,1997-04-13,,12
601,1997_4,48,4,San Marino Grand Prix,1997-04-27,,45
602,1997_5,48,5,Monaco Grand Prix,1997-05-11,,2
603,1997_6,48,6,Spanish Grand Prix,1997-05-25,,56
604,1997_7,48,7,Canadian Grand Prix,1997-06-15,,44
605,1997_8,48,8,French Grand Prix,1997-06-29,,55
606,1997_9,48,9,British Grand Prix,1997-07-13,,1
607,1997_10,48,10,German Grand Prix,1997-07-27,,33
608,1997_11,48,11,Hungarian Grand Prix,1997-08-10,,52
609,1997_12,48,12,Belgian Grand Prix,1997-08-24,,5
610,1997_13,48,13,Italian Grand Prix,1997-09-07,,7
611,1997_14,48,14,Austrian Grand Prix,1997-09-21,,34
612,1997_15,48,15,Luxembourg Grand Prix,1997-09-28,,8
613,1997_16,48,16,Japanese Grand Prix,1997-10-12,,53
614,1997_17,48,17,European Grand Prix,1997-10-26,,51
615,1998_1,49,1,Australian Grand Prix,1998-03-08,,59
616,1998_2,49,2,Brazilian Grand Prix,1998-03-29,,37
617,1998_3,49,3,Argentine Grand Prix,1998-04-12,,12
618,1998_4,49,4,San Marino Grand Prix,1998-04-26,,45
619,1998_5,49,5,Spanish Grand Prix,1998-05-10,,56
620,1998_6,49,6,Monaco Grand Prix,1998-05-24,,2
621,1998_7,49,7,Canadian Grand Prix,1998-06-07,,44
622,1998_8,49,8,French Grand Prix,1998-06-28,,55
623,1998_9,49,9,British Grand Prix,1998-07-12,,1
624,1998_10,49,10,Austrian Grand Prix,1998-07-26,,34
625,1998_11,49,11,German Grand Prix,1998-08-02,,33
626,1998_12,49,12,Hungarian Grand Prix,1998-08-16,,52
627,1998_13,49,13,Belgian Grand Prix,1998-08-30,,5
628,1998_14,49,14,Italian Grand Prix,1998-09-13,,7
629,1998_15,49,15,Luxembourg Grand Prix,1998-09-27,,8
630,1998_16,49,16,Japanese Grand Prix,1998-11-01,,53
631,1999_1,50,1,Australian Grand Prix,1999-03-07,,59
632,1999_2,50,2,Brazilian Grand Prix,1999-04-11,,37
633,1999_3,50,3,San Marino Grand Prix,1999-05-02,,45
634,1999_4,50,4,Monaco Grand Prix,1999-05-16,,2
635,1999_5,50,5,Spanish Grand Prix,1999-05-30,,56
636,1999_6,50,6,Canadian Grand Prix,1999-06-13,,44
637,1999_7,50,7,French Grand Prix,1999-06-27,,55
638,1999_8,50,8,British Grand Prix,1999-07-11,,1
639,1999_9,50,9,Austrian Grand Prix,1999-07-25,,34
640,1999_10,50,10,German Grand Prix,1999-08-01,,33
641,1999_11,50,11,Hungarian Grand Prix,1999-08-15,,52
642,1999_12,50,12,Belgian Grand Prix,1999-08-29,,5
643,1999_13,50,13,Italian Grand Prix,1999-09-12,,7
644,1999_14,50,14,European Grand Prix,1999-09-26,,8
645,1999_15,50,15,Malaysian Grand Prix,1999-10-17,,60
646,1999_16,50,16,Japanese Grand Prix,1999-10-31,,53
647,2000_1,51,1,Australian Grand Prix,2000-03-12,,59
648,2000_2,51,2,Brazilian Grand Prix,2000-03-26,,37
649,2000_3,51,3,San Marino Grand Prix,2000-04-09,,45
650,2000_4,51,4,British Grand Prix,2000-04-23,,1
651,2000_5,51,5,Spanish Grand Prix,2000-05-07,,56
652,2000_6,51,6,European Grand Prix,2000-05-21,,8
653,2000_7,51,7,Monaco Grand Prix,2000-06-04,,2
654,2000_8,51,8,Canadian Grand Prix,2000-06-18,,44
655,2000_9,51,9,French Grand Prix,2000-07-02,,55
656,2000_10,51,10,Austrian Grand Prix,2000-07-16,,34
657,2000_11,51,11,German Grand Prix,2000-07-30,,33
658,2000_12,51,12,Hungarian Grand Prix,2000-08-13,,52
659,2000_13,51,13,Belgian Grand Prix,2000-08-27,,5
660,2000_14,51,14,Italian Grand Prix,2000-09-10,,7
661,2000_15,51,15,United States Grand Prix,2000-09-24,,3
662,2000_16,51,16,Japanese Grand Prix,2000-10-08,,53
663,2000_17,51,17,Malaysian Grand Prix,2000-10-22,,60
664,2001_1,52,1,Australian Grand Prix,2001-03-04,,59
665,2001_2,52,2,Malaysian Grand Prix,2001-03-18,,60
666,2001_3,52,3,Brazilian Grand Prix,2001-04-01,,37
667,2001_4,52,4,San Marino Grand Prix,2001-04-15,,45
668,2001_5,52,5,Spanish Grand Prix,2001-04-29,,56
669,2001_6,52,6,Austrian Grand Prix,2001-05-13,,34
670,2001_7,52,7,Monaco Grand Prix,2001-05-27,,2
671,2001_8,52,8,Canadian Grand Prix,2001-06-10,,44
672,2001_9,52,9,European Grand Prix,2001-06-24,,8
673,2001_10,52,10,French Grand Prix,2001-07-01,,55
674,2001_11,52,11,British Grand Prix,2001-07-15,,1
675,2001_12,52,12,German Grand Prix,2001-07-29,,33
676,2001_13,52,13,Hungarian Grand Prix,2001-08-19,,52
677,2001_14,52,14,Belgian Grand Prix,2001-09-02,,5
678,2001_15,52,15,Italian Grand Prix,2001-09-16,,7
679,2001_16,52,16,United States Grand Prix,2001-09-30,,3
680,2001_17,52,17,Japanese Grand Prix,2001-10-14,,53
681,2002_1,53,1,Australian Grand Prix,2002-03-03,,59
682,2002_2,53,2,Malaysian Grand Prix,2002-03-17,,60
683,2002_3,53,3,Brazilian Grand Prix,2002-03-31,,37
684,2002_4,53,4,San Marino Grand Prix,2002-04-14,,45
685,2002_5,53,5,Spanish Grand Prix,2002-04-28,,56
686,2002_6,53,6,Austrian Grand Prix,2002-05-12,,34
687,2002_7,53,7,Monaco Grand Prix,2002-05-26,,2
688,2002_8,53,8,Canadian Grand Prix,2002-06-09,,44
689,2002_9,53,9,European Grand Prix,2002-06-23,,8
690,2002_10,53,10,British Grand Prix,2002-07-07,,1
691,2002_11,53,11,French Grand Prix,2002-07-21,,55
692,2002_12,53,12,German Grand Prix,2002-07-28,,33
693,2002_13,53,13,Hungarian Grand Prix,2002-08-18,,52
694,2002_14,53,14,Belgian Grand Prix,2002-09-01,,5
695,2002_15,53,15,Italian Grand Prix,2002-09-15,,7
696,2002_16,53,16,United States Grand Prix,2002-09-29,,3
697,2002_17,53,17,Japanese Grand Prix,2002-10-13,,53
698,2003_1,54,1,Australian Grand Prix,2003-03-09,,59
699,2003_2,54,2,Malaysian Grand Prix,2003-03-23,,60
700,2003_3,54,3,Brazilian Grand Prix,2003-04-06,,37
701,2003_4,54,4,San Marino Grand Prix,2003-04-20,,45
702,2003_5,54,5,Spanish Grand Prix,2003-05-04,,56
703,2003_6,54,6,Austrian Grand Prix,2003-05-18,,34
704,2003_7,54,7,Monaco Grand Prix,2003-06-01,,2
705,2003_8,54,8,Canadian Grand Prix,2003-06-15,,44
706,2003_9,54,9,European Grand Prix,2003-06-29,,8
707,2003_10,54,10,French Grand Prix,2003-07-06,,55
708,2003_11,54,11,British Grand Prix,2003-07-20,,1
709,2003_12,54,12,German Grand Prix,2003-08-03,,33
710,2003_13,54,13,Hungarian Grand Prix,2003-08-24,,52
711,2003_14,54,14,Italian Grand Prix,2003-09-14,,7
712,2003_15,54,15,United States Grand Prix,2003-09-28,,3
713,2003_16,54,16,Japanese Grand Prix,2003-10-12,,53
714,2004_1,55,1,Australian Grand Prix,2004-03-07,,59
715,2004_2,55,2,Malaysian Grand Prix,2004-03-21,,60
716,2004_3,55,3,Bahrain Grand Prix,2004-04-04,,61
717,2004_4,55,4,San Marino Grand Prix,2004-04-25,,45
718,2004_5,55,5,Spanish Grand Prix,2004-05-09,,56
719,2004_6,55,6,Monaco Grand Prix,2004-05-23,,2
720,2004_7,55,7,European Grand Prix,2004-05-30,,8
721,2004_8,55,8,Canadian Grand Prix,2004-06-13,,44
722,2004_9,55,9,United States Grand Prix,2004-06-20,,3
723,2004_10,55,10,French Grand Prix,2004-07-04,,55
724,2004_11,55,11,British Grand Prix,2004-07-11,,1
725,2004_12,55,12,German Grand Prix,2004-07-25,,33
726,2004_13,55,13,Hungarian Grand Prix,2004-08-15,,52
727,2004_14,55,14,Belgian Grand Prix,2004-08-29,,5
728,2004_15,55,15,Italian Grand Prix,2004-09-12,,7
729,2004_16,55,16,Chinese Grand Prix,2004-09-26,,62
730,2004_17,55,17,Japanese Grand Prix,2004-10-10,,53
731,2004_18,55,18,Brazilian Grand Prix,2004-10-24,,37
732,2005_1,56,1,Australian Grand Prix,2005-03-06,14:00:00,59
733,2005_2,56,2,Malaysian Grand Prix,2005-03-20,15:00:00,60
734,2005_3,56,3,Bahrain Grand Prix,2005-04-03,14:30:00,61
735,2005_4,56,4,San Marino Grand Prix,2005-04-24,14:00:00,45
736,2005_5,56,5,Spanish Grand Prix,2005-05-08,14:00:00,56
737,2005_6,56,6,Monaco Grand Prix,2005-05-22,14:00:00,2
738,2005_7,56,7,European Grand Prix,2005-05-29,14:00:00,8
739,2005_8,56,8,Canadian Grand Prix,2005-06-12,13:00:00,44
740,2005_9,56,9,United States Grand Prix,2005-06-19,14:00:00,3
741,2005_10,56,10,French Grand Prix,2005-07-03,14:00:00,55
742,2005_11,56,11,British Grand Prix,2005-07-10,14:00:00,1
743,2005_12,56,12,German Grand Prix,2005-07-24,14:00:00,33
744,2005_13,56,13,Hungarian Grand Prix,2005-07-31,14:00:00,52
745,2005_14,56,14,Turkish Grand Prix,2005-08-21,15:00:00,63
746,2005_15,56,15,Italian Grand Prix,2005-09-04,14:00:00,7
747,2005_16,56,16,Belgian Grand Prix,2005-09-11,14:00:00,5
748,2005_17,56,17,Brazilian Grand Prix,2005-09-25,14:00:00,37
749,2005_18,56,18,Japanese Grand Prix,2005-10-09,14:00:00,53
750,2005_19,56,19,Chinese Grand Prix,2005-10-16,14:00:00,62
751,2006_1,57,1,Bahrain Grand Prix,2006-03-12,14:30:00,61
752,2006_2,57,2,Malaysian Grand Prix,2006-03-19,15:00:00,60
753,2006_3,57,3,Australian Grand Prix,2006-04-02,14:00:00,59
754,2006_4,57,4,San Marino Grand Prix,2006-04-23,14:00:00,45
755,2006_5,57,5,European Grand Prix,2006-05-07,14:00:00,8
756,2006_6,57,6,Spanish Grand Prix,2006-05-14,14:00:00,56
757,2006_7,57,7,Monaco Grand Prix,2006-05-28,14:00:00,2
758,2006_8,57,8,British Grand Prix,2006-06-11,12:00:00,1
759,2006_9,57,9,Canadian Grand Prix,2006-06-25,13:00:00,44
760,2006_10,57,10,United States Grand Prix,2006-07-02,14:00:00,3
761,2006_11,57,11,French Grand Prix,2006-07-16,14:00:00,55
762,2006_12,57,12,German Grand Prix,2006-07-30,14:00:00,33
763,2006_13,57,13,Hungarian Grand Prix,2006-08-06,14:00:00,52
764,2006_14,57,14,Turkish Grand Prix,2006-08-27,15:00:00,63
765,2006_15,57,15,Italian Grand Prix,2006-09-10,14:00:00,7
766,2006_16,57,16,Chinese Grand Prix,2006-10-01,14:00:00,62
767,2006_17,57,17,Japanese Grand Prix,2006-10-08,14:00:00,53
768,2006_18,57,18,Brazilian Grand Prix,2006-10-22,14:00:00,37
769,2007_1,58,1,Australian Grand Prix,2007-03-18,03:00:00,59
770,2007_2,58,2,Malaysian Grand Prix,2007-04-08,07:00:00,60
771,2007_3,58,3,Bahrain Grand Prix,2007-04-15,11:30:00,61
772,2007_4,58,4,Spanish Grand Prix,2007-05-13,12:00:00,56
773,2007_5,58,5,Monaco Grand Prix,2007-05-27,12:00:00,2
774,2007_6,58,6,Canadian Grand Prix,2007-06-10,17:00:00,44
775,2007_7,58,7,United States Grand Prix,2007-06-17,17:00:00,3
776,2007_8,58,8,French Grand Prix,2007-07-01,12:00:00,55
777,2007_9,58,9,British Grand Prix,2007-07-08,12:00:00,1
778,2007_10,58,10,European Grand Prix,2007-07-22,12:00:00,8
779,2007_11,58,11,Hungarian Grand Prix,2007-08-05,12:00:00,52
780,2007_12,58,12,Turkish Grand Prix,2007-08-26,12:00:00,63
781,2007_13,58,13,Italian Grand Prix,2007-09-09,12:00:00,7
782,2007_14,58,14,Belgian Grand Prix,2007-09-16,12:00:00,5
783,2007_15,58,15,Japanese Grand Prix,2007-09-30,04:30:00,42
784,2007_16,58,16,Chinese Grand Prix,2007-10-07,06:00:00,62
785,2007_17,58,17,Brazilian Grand Prix,2007-10-21,16:00:00,37
786,2008_1,59,1,Australian Grand Prix,2008-03-16,04:30:00,59
787,2008_2,59,2,Malaysian Grand Prix,2008-03-23,07:00:00,60
788,2008_3,59,3,Bahrain Grand Prix,2008-04-06,11:30:00,61
789,2008_4,59,4,Spanish Grand Prix,2008-04-27,12:00:00,56
790,2008_5,59,5,Turkish Grand Prix,2008-05-11,12:00:00,63
791,2008_6,59,6,Monaco Grand Prix,2008-05-25,12:00:00,2
792,2008_7,59,7,Canadian Grand Prix,2008-06-08,17:00:00,44
793,2008_8,59,8,French Grand Prix,2008-06-22,12:00:00,55
794,2008_9,59,9,British Grand Prix,2008-07-06,12:00:00,1
795,2008_10,59,10,German Grand Prix,2008-07-20,12:00:00,33
796,2008_11,59,11,Hungarian Grand Prix,2008-08-03,12:00:00,52
797,2008_12,59,12,European Grand Prix,2008-08-24,12:00:00,64
798,2008_13,59,13,Belgian Grand Prix,2008-09-07,12:00:00,5
799,2008_14,59,14,Italian Grand Prix,2008-09-14,12:00:00,7
800,2008_15,59,15,Singapore Grand Prix,2008-09-28,12:00:00,65
801,2008_16,59,16,Japanese Grand Prix,2008-10-12,04:30:00,42
802,2008_17,59,17,Chinese Grand Prix,2008-10-19,07:00:00,62
803,2008_18,59,18,Brazilian Grand Prix,2008-11-02,17:00:00,37
804,2009_1,60,1,Australian Grand Prix,2009-03-29,06:00:00,59
805,2009_2,60,2,Malaysian Grand Prix,2009-04-05,09:00:00,60
806,2009_3,60,3,Chinese Grand Prix,2009-04-19,07:00:00,62
807,2009_4,60,4,Bahrain Grand Prix,2009-04-26,12:00:00,61
808,2009_5,60,5,Spanish Grand Prix,2009-05-10,12:00:00,56
809,2009_6,60,6,Monaco Grand Prix,2009-05-24,12:00:00,2
810,2009_7,60,7,Turkish Grand Prix,2009-06-07,12:00:00,63
811,2009_8,60,8,British Grand Prix,2009-06-21,12:00:00,1
812,2009_9,60,9,German Grand Prix,2009-07-12,12:00:00,8
813,2009_10,60,10,Hungarian Grand Prix,2009-07-26,12:00:00,52
814,2009_11,60,11,European Grand Prix,2009-08-23,12:00:00,64
815,2009_12,60,12,Belgian Grand Prix,2009-08-30,12:00:00,5
816,2009_13,60,13,Italian Grand Prix,2009-09-13,12:00:00,7
817,2009_14,60,14,Singapore Grand Prix,2009-09-27,12:00:00,65
818,2009_15,60,15,Japanese Grand Prix,2009-10-04,05:00:00,53
819,2009_16,60,16,Brazilian Grand Prix,2009-10-18,16:00:00,37
820,2009_17,60,17,Abu Dhabi Grand Prix,2009-11-01,11:00:00,66
821,2010_1,61,1,Bahrain Grand Prix,2010-03-14,12:00:00,61
822,2010_2,61,2,Australian Grand Prix,2010-03-28,06:00:00,59
823,2010_3,61,3,Malaysian Grand Prix,2010-04-04,08:00:00,60
824,2010_4,61,4,Chinese Grand Prix,2010-04-18,06:00:00,62
825,2010_5,61,5,Spanish Grand Prix,2010-05-09,12:00:00,56
826,2010_6,61,6,Monaco Grand Prix,2010-05-16,12:00:00,2
827,2010_7,61,7,Turkish Grand Prix,2010-05-30,11:00:00,63
828,2010_8,61,8,Canadian Grand Prix,2010-06-13,16:00:00,44
829,2010_9,61,9,European Grand Prix,2010-06-27,12:00:00,64
830,2010_10,61,10,British Grand Prix,2010-07-11,12:00:00,1
831,2010_11,61,11,German Grand Prix,2010-07-25,12:00:00,33
832,2010_12,61,12,Hungarian Grand Prix,2010-08-01,12:00:00,52
833,2010_13,61,13,Belgian Grand Prix,2010-08-29,12:00:00,5
834,2010_14,61,14,Italian Grand Prix,2010-09-12,12:00:00,7
835,2010_15,61,15,Singapore Grand Prix,2010-09-26,12:00:00,65
836,2010_16,61,16,Japanese Grand Prix,2010-10-10,06:00:00,53
837,2010_17,61,17,Korean Grand Prix,2010-10-24,05:00:00,67
838,2010_18,61,18,Brazilian Grand Prix,2010-11-07,16:00:00,37
839,2010_19,61,19,Abu Dhabi Grand Prix,2010-11-14,13:00:00,66
840,2011_1,62,1,Australian Grand Prix,2011-03-27,06:00:00,59
841,2011_2,62,2,Malaysian Grand Prix,2011-04-10,08:00:00,60
842,2011_3,62,3,Chinese Grand Prix,2011-04-17,07:00:00,62
843,2011_4,62,4,Turkish Grand Prix,2011-05-08,12:00:00,63
844,2011_5,62,5,Spanish Grand Prix,2011-05-22,12:00:00,56
845,2011_6,62,6,Monaco Grand Prix,2011-05-29,12:00:00,2
846,2011_7,62,7,Canadian Grand Prix,2011-06-12,17:00:00,44
847,2011_8,62,8,European Grand Prix,2011-06-26,12:00:00,64
848,2011_9,62,9,British Grand Prix,2011-07-10,12:00:00,1
849,2011_10,62,10,German Grand Prix,2011-07-24,12:00:00,8
850,2011_11,62,11,Hungarian Grand Prix,2011-07-31,12:00:00,52
851,2011_12,62,12,Belgian Grand Prix,2011-08-28,12:00:00,5
852,2011_13,62,13,Italian Grand Prix,2011-09-11,12:00:00,7
853,2011_14,62,14,Singapore Grand Prix,2011-09-25,12:00:00,65
854,2011_15,62,15,Japanese Grand Prix,2011-10-09,06:00:00,53
855,2011_16,62,16,Korean Grand Prix,2011-10-16,06:00:00,67
856,2011_17,62,17,Indian Grand Prix,2011-10-30,09:30:00,68
857,2011_18,62,18,Abu Dhabi Grand Prix,2011-11-13,13:00:00,66
858,2011_19,62,19,Brazilian Grand Prix,2011-11-27,16:00:00,37
859,2012_1,63,1,Australian Grand Prix,2012-03-18,06:00:00,59
860,2012_2,63,2,Malaysian Grand Prix,2012-03-25,08:00:00,60
861,2012_3,63,3,Chinese Grand Prix,2012-04-15,07:00:00,62
862,2012_4,63,4,Bahrain Grand Prix,2012-04-22,12:00:00,61
863,2012_5,63,5,Spanish Grand Prix,2012-05-13,12:00:00,56
864,2012_6,63,6,Monaco Grand Prix,2012-05-27,12:00:00,2
865,2012_7,63,7,Canadian Grand Prix,2012-06-10,18:00:00,44
866,2012_8,63,8,European Grand Prix,2012-06-24,12:00:00,64
867,2012_9,63,9,British Grand Prix,2012-07-08,12:00:00,1
868,2012_10,63,10,German Grand Prix,2012-07-22,12:00:00,33
869,2012_11,63,11,Hungarian Grand Prix,2012-07-29,12:00:00,52
870,2012_12,63,12,Belgian Grand Prix,2012-09-02,12:00:00,5
871,2012_13,63,13,Italian Grand Prix,2012-09-09,12:00:00,7
872,2012_14,63,14,Singapore Grand Prix,2012-09-23,12:00:00,65
873,2012_15,63,15,Japanese Grand Prix,2012-10-07,06:00:00,53
874,2012_16,63,16,Korean Grand Prix,2012-10-14,06:00:00,67
875,2012_17,63,17,Indian Grand Prix,2012-10-28,09:30:00,68
876,2012_18,63,18,Abu Dhabi Grand Prix,2012-11-04,13:00:00,66
877,2012_19,63,19,United States Grand Prix,2012-11-18,19:00:00,69
878,2012_20,63,20,Brazilian Grand Prix,2012-11-25,16:00:00,37
879,2013_1,64,1,Australian Grand Prix,2013-03-17,06:00:00,59
880,2013_2,64,2,Malaysian Grand Prix,2013-03-24,08:00:00,60
881,2013_3,64,3,Chinese Grand Prix,2013-04-14,07:00:00,62
882,2013_4,64,4,Bahrain Grand Prix,2013-04-21,12:00:00,61
883,2013_5,64,5,Spanish Grand Prix,2013-05-12,12:00:00,56
884,2013_6,64,6,Monaco Grand Prix,2013-05-26,12:00:00,2
885,2013_7,64,7,Canadian Grand Prix,2013-06-09,18:00:00,44
886,2013_8,64,8,British Grand Prix,2013-06-30,12:00:00,1
887,2013_9,64,9,German Grand Prix,2013-07-07,12:00:00,8
888,2013_10,64,10,Hungarian Grand Prix,2013-07-28,12:00:00,52
889,2013_11,64,11,Belgian Grand Prix,2013-08-25,12:00:00,5
890,2013_12,64,12,Italian Grand Prix,2013-09-08,12:00:00,7
891,2013_13,64,13,Singapore Grand Prix,2013-09-22,12:00:00,65
892,2013_14,64,14,Korean Grand Prix,2013-10-06,06:00:00,67
893,2013_15,64,15,Japanese Grand Prix,2013-10-13,06:00:00,53
894,2013_16,64,16,Indian Grand Prix,2013-10-27,09:30:00,68
895,2013_17,64,17,Abu Dhabi Grand Prix,2013-11-03,13:00:00,66
896,2013_18,64,18,United States Grand Prix,2013-11-17,19:00:00,69
897,2013_19,64,19,Brazilian Grand Prix,2013-11-24,16:00:00,37
898,2014_1,65,1,Australian Grand Prix,2014-03-16,06:00:00,59
899,2014_2,65,2,Malaysian Grand Prix,2014-03-30,08:00:00,60
900,2014_3,65,3,Bahrain Grand Prix,2014-04-06,15:00:00,61
901,2014_4,65,4,Chinese Grand Prix,2014-04-20,07:00:00,62
902,2014_5,65,5,Spanish Grand Prix,2014-05-11,12:00:00,56
903,2014_6,65,6,Monaco Grand Prix,2014-05-25,12:00:00,2
904,2014_7,65,7,Canadian Grand Prix,2014-06-08,18:00:00,44
905,2014_8,65,8,Austrian Grand Prix,2014-06-22,12:00:00,34
906,2014_9,65,9,British Grand Prix,2014-07-06,12:00:00,1
907,2014_10,65,10,German Grand Prix,2014-07-20,12:00:00,33
908,2014_11,65,11,Hungarian Grand Prix,2014-07-27,12:00:00,52
909,2014_12,65,12,Belgian Grand Prix,2014-08-24,12:00:00,5
910,2014_13,65,13,Italian Grand Prix,2014-09-07,12:00:00,7
911,2014_14,65,14,Singapore Grand Prix,2014-09-21,12:00:00,65
912,2014_15,65,15,Japanese Grand Prix,2014-10-05,06:00:00,53
913,2014_16,65,16,Russian Grand Prix,2014-10-12,11:00:00,70
914,2014_17,65,17,United States Grand Prix,2014-11-02,20:00:00,69
915,2014_18,65,18,Brazilian Grand Prix,2014-11-09,16:00:00,37
916,2014_19,65,19,Abu Dhabi Grand Prix,2014-11-23,13:00:00,66
917,2015_1,66,1,Australian Grand Prix,2015-03-15,05:00:00,59
918,2015_2,66,2,Malaysian Grand Prix,2015-03-29,07:00:00,60
919,2015_3,66,3,Chinese Grand Prix,2015-04-12,06:00:00,62
920,2015_4,66,4,Bahrain Grand Prix,2015-04-19,15:00:00,61
921,2015_5,66,5,Spanish Grand Prix,2015-05-10,12:00:00,56
922,2015_6,66,6,Monaco Grand Prix,2015-05-24,12:00:00,2
923,2015_7,66,7,Canadian Grand Prix,2015-06-07,18:00:00,44
924,2015_8,66,8,Austrian Grand Prix,2015-06-21,12:00:00,34
925,2015_9,66,9,British Grand Prix,2015-07-05,12:00:00,1
926,2015_10,66,10,Hungarian Grand Prix,2015-07-26,12:00:00,52
927,2015_11,66,11,Belgian Grand Prix,2015-08-23,12:00:00,5
928,2015_12,66,12,Italian Grand Prix,2015-09-06,12:00:00,7
929,2015_13,66,13,Singapore Grand Prix,2015-09-20,12:00:00,65
930,2015_14,66,14,Japanese Grand Prix,2015-09-27,05:00:00,53
931,2015_15,66,15,Russian Grand Prix,2015-10-11,11:00:00,70
932,2015_16,66,16,United States Grand Prix,2015-10-25,19:00:00,69
933,2015_17,66,17,Mexican Grand Prix,2015-11-01,19:00:00,23
934,2015_18,66,18,Brazilian Grand Prix,2015-11-15,16:00:00,37
935,2015_19,66,19,Abu Dhabi Grand Prix,2015-11-29,13:00:00,66
936,2016_1,67,1,Australian Grand Prix,2016-03-20,05:00:00,59
937,2016_2,67,2,Bahrain Grand Prix,2016-04-03,15:00:00,61
938,2016_3,67,3,Chinese Grand Prix,2016-04-17,06:00:00,62
939,2016_4,67,4,Russian Grand Prix,2016-05-01,12:00:00,70
940,2016_5,67,5,Spanish Grand Prix,2016-05-15,12:00:00,56
941,2016_6,67,6,Monaco Grand Prix,2016-05-29,12:00:00,2
942,2016_7,67,7,Canadian Grand Prix,2016-06-12,18:00:00,44
943,2016_8,67,8,European Grand Prix,2016-06-19,13:00:00,71
944,2016_9,67,9,Austrian Grand Prix,2016-07-03,12:00:00,34
945,2016_10,67,10,British Grand Prix,2016-07-10,12:00:00,1
946,2016_11,67,11,Hungarian Grand Prix,2016-07-24,12:00:00,52
947,2016_12,67,12,German Grand Prix,2016-07-31,12:00:00,33
948,2016_13,67,13,Belgian Grand Prix,2016-08-28,12:00:00,5
949,2016_14,67,14,Italian Grand Prix,2016-09-04,12:00:00,7
950,2016_15,67,15,Singapore Grand Prix,2016-09-18,12:00:00,65
951,2016_16,67,16,Malaysian Grand Prix,2016-10-02,07:00:00,60
952,2016_17,67,17,Japanese Grand Prix,2016-10-09,05:00:00,53
953,2016_18,67,18,United States Grand Prix,2016-10-23,19:00:00,69
954,2016_19,67,19,Mexican Grand Prix,2016-10-30,19:00:00,23
955,2016_20,67,20,Brazilian Grand Prix,2016-11-13,16:00:00,37
956,2016_21,67,21,Abu Dhabi Grand Prix,2016-11-27,13:00:00,66
957,2017_1,68,1,Australian Grand Prix,2017-03-26,05:00:00,59
958,2017_2,68,2,Chinese Grand Prix,2017-04-09,06:00:00,62
959,2017_3,68,3,Bahrain Grand Prix,2017-04-16,15:00:00,61
960,2017_4,68,4,Russian Grand Prix,2017-04-30,12:00:00,70
961,2017_5,68,5,Spanish Grand Prix,2017-05-14,12:00:00,56
962,2017_6,68,6,Monaco Grand Prix,2017-05-28,12:00:00,2
963,2017_7,68,7,Canadian Grand Prix,2017-06-11,18:00:00,44
964,2017_8,68,8,Azerbaijan Grand Prix,2017-06-25,13:00:00,71
965,2017_9,68,9,Austrian Grand Prix,2017-07-09,12:00:00,34
966,2017_10,68,10,British Grand Prix,2017-07-16,12:00:00,1
967,2017_11,68,11,Hungarian Grand Prix,2017-07-30,12:00:00,52
968,2017_12,68,12,Belgian Grand Prix,2017-08-27,12:00:00,5
969,2017_13,68,13,Italian Grand Prix,2017-09-03,12:00:00,7
970,2017_14,68,14,Singapore Grand Prix,2017-09-17,12:00:00,65
971,2017_15,68,15,Malaysian Grand Prix,2017-10-01,07:00:00,60
972,2017_16,68,16,Japanese Grand Prix,2017-10-08,05:00:00,53
973,2017_17,68,17,United States Grand Prix,2017-10-22,19:00:00,69
974,2017_18,68,18,Mexican Grand Prix,2017-10-29,19:00:00,23
975,2017_19,68,19,Brazilian Grand Prix,2017-11-12,16:00:00,37
976,2017_20,68,20,Abu Dhabi Grand Prix,2017-11-26,13:00:00,66
977,2018_1,69,1,Australian Grand Prix,2018-03-25,05:10:00,59
978,2018_2,69,2,Bahrain Grand Prix,2018-04-08,15:10:00,61
979,2018_3,69,3,Chinese Grand Prix,2018-04-15,06:10:00,62
980,2018_4,69,4,Azerbaijan Grand Prix,2018-04-29,12:10:00,71
981,2018_5,69,5,Spanish Grand Prix,2018-05-13,13:10:00,56
982,2018_6,69,6,Monaco Grand Prix,2018-05-27,13:10:00,2
983,2018_7,69,7,Canadian Grand Prix,2018-06-10,18:10:00,44
984,2018_8,69,8,French Grand Prix,2018-06-24,14:10:00,35
985,2018_9,69,9,Austrian Grand Prix,2018-07-01,13:10:00,34
986,2018_10,69,10,British Grand Prix,2018-07-08,13:10:00,1
987,2018_11,69,11,German Grand Prix,2018-07-22,13:10:00,33
988,2018_12,69,12,Hungarian Grand Prix,2018-07-29,13:10:00,52
989,2018_13,69,13,Belgian Grand Prix,2018-08-26,13:10:00,5
990,2018_14,69,14,Italian Grand Prix,2018-09-02,13:10:00,7
991,2018_15,69,15,Singapore Grand Prix,2018-09-16,12:10:00,65
992,2018_16,69,16,Russian Grand Prix,2018-09-30,11:10:00,70
993,2018_17,69,17,Japanese Grand Prix,2018-10-07,05:10:00,53
994,2018_18,69,18,United States Grand Prix,2018-10-21,18:10:00,69
995,2018_19,69,19,Mexican Grand Prix,2018-10-28,19:10:00,23
996,2018_20,69,20,Brazilian Grand Prix,2018-11-11,17:10:00,37
997,2018_21,69,21,Abu Dhabi Grand Prix,2018-11-25,13:10:00,66
998,2019_1,70,1,Australian Grand Prix,2019-03-17,05:10:00,59
999,2019_2,70,2,Bahrain Grand Prix,2019-03-31,15:10:00,61
1000,2019_3,70,3,Chinese Grand Prix,2019-04-14,06:10:00,62
1001,2019_4,70,4,Azerbaijan Grand Prix,2019-04-28,12:10:00,71
1002,2019_5,70,5,Spanish Grand Prix,2019-05-12,13:10:00,56
1003,2019_6,70,6,Monaco Grand Prix,2019-05-26,13:10:00,2
1004,2019_7,70,7,Canadian Grand Prix,2019-06-09,18:10:00,44
1005,2019_8,70,8,French Grand Prix,2019-06-23,13:10:00,35
1006,2019_9,70,9,Austrian Grand Prix,2019-06-30,13:10:00,34
1007,2019_10,70,10,British Grand Prix,2019-07-14,13:10:00,1
1008,2019_11,70,11,German Grand Prix,2019-07-28,13:10:00,33
1009,2019_12,70,12,Hungarian Grand Prix,2019-08-04,13:10:00,52
1010,2019_13,70,13,Belgian Grand Prix,2019-09-01,13:10:00,5
1011,2019_14,70,14,Italian Grand Prix,2019-09-08,13:10:00,7
1012,2019_15,70,15,Singapore Grand Prix,2019-09-22,12:10:00,65
1013,2019_16,70,16,Russian Grand Prix,2019-09-29,11:10:00,70
1014,2019_17,70,17,Japanese Grand Prix,2019-10-13,05:10:00,53
1015,2019_18,70,18,Mexican Grand Prix,2019-10-27,19:10:00,23
1016,2019_19,70,19,United States Grand Prix,2019-11-03,19:10:00,69
1017,2019_20,70,20,Brazilian Grand Prix,2019-11-17,17:10:00,37
1018,2019_21,70,21,Abu Dhabi Grand Prix,2019-12-01,13:10:00,66
1019,2020_1,71,1,Austrian Grand Prix,2020-07-05,13:10:00,34
1020,2020_2,71,2,Styrian Grand Prix,2020-07-12,13:10:00,34
1021,2020_3,71,3,Hungarian Grand Prix,2020-07-19,13:10:00,52
1022,2020_4,71,4,British Grand Prix,2020-08-02,13:10:00,1
1023,2020_5,71,5,70th Anniversary Grand Prix,2020-08-09,13:10:00,1
1024,2020_6,71,6,Spanish Grand Prix,2020-08-16,13:10:00,56
1025,2020_7,71,7,Belgian Grand Prix,2020-08-30,13:10:00,5
1026,2020_8,71,8,Italian Grand Prix,2020-09-06,13:10:00,7
1027,2020_9,71,9,Tuscan Grand Prix,2020-09-13,13:10:00,72
1028,2020_10,71,10,Russian Grand Prix,2020-09-27,11:10:00,70
1029,2020_11,71,11,Eifel Grand Prix,2020-10-11,13:10:00,8
1030,2020_12,71,12,Portuguese Grand Prix,2020-10-25,12:10:00,73
1031,2020_13,71,13,Emilia Romagna Grand Prix,2020-11-01,12:10:00,45
1032,2020_14,71,14,Turkish Grand Prix,2020-11-15,10:10:00,63
1033,2020_15,71,15,Bahrain Grand Prix,2020-11-29,14:10:00,61
1034,2020_16,71,16,Sakhir Grand Prix,2020-12-06,17:10:00,61
1035,2020_17,71,17,Abu Dhabi Grand Prix,2020-12-13,13:10:00,66
1036,2021_1,72,1,Bahrain Grand Prix,2021-03-28,15:00:00,61
1037,2021_2,72,2,Emilia Romagna Grand Prix,2021-04-18,13:00:00,45
1038,2021_3,72,3,Portuguese Grand Prix,2021-05-02,14:00:00,73
1039,2021_4,72,4,Spanish Grand Prix,2021-05-09,13:00:00,56
1040,2021_5,72,5,Monaco Grand Prix,2021-05-23,13:00:00,2
1041,2021_6,72,6,Azerbaijan Grand Prix,2021-06-06,12:00:00,71
1042,2021_7,72,7,French Grand Prix,2021-06-20,13:00:00,35
1043,2021_8,72,8,Styrian Grand Prix,2021-06-27,13:00:00,34
1044,2021_9,72,9,Austrian Grand Prix,2021-07-04,13:00:00,34
1045,2021_10,72,10,British Grand Prix,2021-07-18,14:00:00,1
1046,2021_11,72,11,Hungarian Grand Prix,2021-08-01,13:00:00,52
1047,2021_12,72,12,Belgian Grand Prix,2021-08-29,13:00:00,5
1048,2021_13,72,13,Dutch Grand Prix,2021-09-05,13:00:00,11
1049,2021_14,72,14,Italian Grand Prix,2021-09-12,13:00:00,7
1050,2021_15,72,15,Russian Grand Prix,2021-09-26,12:00:00,70
1051,2021_16,72,16,Turkish Grand Prix,2021-10-10,12:00:00,63
1052,2021_17,72,17,United States Grand Prix,2021-10-24,19:00:00,69
1053,2021_18,72,18,Mexico City Grand Prix,2021-11-07,19:00:00,23
1054,2021_19,72,19,São Paulo Grand Prix,2021-11-14,17:00:00,37
1055,2021_20,72,20,Qatar Grand Prix,2021-11-21,14:00:00,74
1056,2021_21,72,21,Saudi Arabian Grand Prix,2021-12-05,17:30:00,75
1057,2021_22,72,22,Abu Dhabi Grand Prix,2021-12-12,13:00:00,66
1058,2022_1,73,1,Bahrain Grand Prix,2022-03-20,15:00:00,61
1059,2022_2,73,2,Saudi Arabian Grand Prix,2022-03-27,17:00:00,75
1060,2022_3,73,3,Australian Grand Prix,2022-04-10,05:00:00,59
1061,2022_4,73,4,Emilia Romagna Grand Prix,2022-04-24,13:00:00,45
1062,2022_5,73,5,Miami Grand Prix,2022-05-08,19:30:00,76
1063,2022_6,73,6,Spanish Grand Prix,2022-05-22,13:00:00,56
1064,2022_7,73,7,Monaco Grand Prix,2022-05-29,13:00:00,2
1065,2022_8,73,8,Azerbaijan Grand Prix,2022-06-12,11:00:00,71
1066,2022_9,73,9,Canadian Grand Prix,2022-06-19,18:00:00,44
1067,2022_10,73,10,British Grand Prix,2022-07-03,14:00:00,1
1068,2022_11,73,11,Austrian Grand Prix,2022-07-10,13:00:00,34
1069,2022_12,73,12,French Grand Prix,2022-07-24,13:00:00,35
1070,2022_13,73,13,Hungarian Grand Prix,2022-07-31,13:00:00,52
1071,2022_14,73,14,Belgian Grand Prix,2022-08-28,13:00:00,5
1072,2022_15,73,15,Dutch Grand Prix,2022-09-04,13:00:00,11
1073,2022_16,73,16,Italian Grand Prix,2022-09-11,13:00:00,7
1074,2022_17,73,17,Singapore Grand Prix,2022-10-02,12:00:00,65
1075,2022_18,73,18,Japanese Grand Prix,2022-10-09,05:00:00,53
1076,2022_19,73,19,United States Grand Prix,2022-10-23,19:00:00,69
1077,2022_20,73,20,Mexico City Grand Prix,2022-10-30,20:00:00,23
1078,2022_21,73,21,São Paulo Grand Prix,2022-11-13,18:00:00,37
1079,2022_22,73,22,Abu Dhabi Grand Prix,2022-11-20,13:00:00,66
1080,2023_1,74,1,Bahrain Grand Prix,2023-03-05,15:00:00,61
1081,2023_2,74,2,Saudi Arabian Grand Prix,2023-03-19,17:00:00,75
1082,2023_3,74,3,Australian Grand Prix,2023-04-02,05:00:00,59
1083,2023_4,74,4,Azerbaijan Grand Prix,2023-04-30,11:00:00,71
1084,2023_5,74,5,Miami Grand Prix,2023-05-07,19:30:00,76
1085,2023_6,74,6,Monaco Grand Prix,2023-05-28,13:00:00,2
1086,2023_7,74,7,Spanish Grand Prix,2023-06-04,13:00:00,56
1087,2023_8,74,8,Canadian Grand Prix,2023-06-18,18:00:00,44
1088,2023_9,74,9,Austrian Grand Prix,2023-07-02,13:00:00,34
1089,2023_10,74,10,British Grand Prix,2023-07-09,14:00:00,1
1090,2023_11,74,11,Hungarian Grand Prix,2023-07-23,13:00:00,52
1091,2023_12,74,12,Belgian Grand Prix,2023-07-30,13:00:00,5
1092,2023_13,74,13,Dutch Grand Prix,2023-08-27,13:00:00,11
1093,2023_14,74,14,Italian Grand Prix,2023-09-03,13:00:00,7
1094,2023_15,74,15,Singapore Grand Prix,2023-09-17,12:00:00,65
1095,2023_16,74,16,Japanese Grand Prix,2023-09-24,05:00:00,53
1096,2023_17,74,17,Qatar Grand Prix,2023-10-08,17:00:00,74
1097,2023_18,74,18,United States Grand Prix,2023-10-22,19:00:00,69
1098,2023_19,74,19,Mexico City Grand Prix,2023-10-29,20:00:00,23
1099,2023_20,74,20,São Paulo Grand Prix,2023-11-05,17:00:00,37
1100,2023_22,74,22,Abu Dhabi Grand Prix,2023-11-26,13:00:00,66
1101,2024_1,75,1,Bahrain Grand Prix,2024-03-02,15:00:00,61
1102,2024_2,75,2,Saudi Arabian Grand Prix,2024-03-09,17:00:00,75
1103,2024_3,75,3,Australian Grand Prix,2024-03-24,04:00:00,59
1104,2024_4,75,4,Japanese Grand Prix,2024-04-07,05:00:00,53
1105,2024_5,75,5,Chinese Grand Prix,2024-04-21,07:00:00,62
1106,2024_6,75,6,Miami Grand Prix,2024-05-05,20:00:00,76
1107,2024_7,75,7,Emilia Romagna Grand Prix,2024-05-19,13:00:00,45
1108,2024_8,75,8,Monaco Grand Prix,2024-05-26,13:00:00,2
1109,2024_9,75,9,Canadian Grand Prix,2024-06-09,18:00:00,44
1110,2024_10,75,10,Spanish Grand Prix,2024-06-23,13:00:00,56
1111,2024_11,75,11,Austrian Grand Prix,2024-06-30,13:00:00,34
1112,2024_12,75,12,British Grand Prix,2024-07-07,14:00:00,1
1113,2024_13,75,13,Hungarian Grand Prix,2024-07-21,13:00:00,52
1114,2024_14,75,14,Belgian Grand Prix,2024-07-28,13:00:00,5
1115,2024_15,75,15,Dutch Grand Prix,2024-08-25,13:00:00,11
1116,2024_16,75,16,Italian Grand Prix,2024-09-01,13:00:00,7
1117,2024_17,75,17,Azerbaijan Grand Prix,2024-09-15,11:00:00,71
1118,2024_18,75,18,Singapore Grand Prix,2024-09-22,12:00:00,65
1119,2024_19,75,19,United States Grand Prix,2024-10-20,19:00:00,69
1120,2024_20,75,20,Mexico City Grand Prix,2024-10-27,20:00:00,23
1121,2024_21,75,21,São Paulo Grand Prix,2024-11-03,17:00:00,37
1122,2024_23,75,23,Qatar Grand Prix,2024-12-01,16:00:00,74
1123,2024_24,75,24,Abu Dhabi Grand Prix,2024-12-08,13:00:00,66
1124,2025_1,76,1,Australian Grand Prix,2025-03-16,04:00:00,59
1125,2025_2,76,2,Chinese Grand Prix,2025-03-23,07:00:00,62
1126,2025_3,76,3,Japanese Grand Prix,2025-04-06,05:00:00,53
1127,2025_4,76,4,Bahrain Grand Prix,2025-04-13,15:00:00,61
1128,2025_5,76,5,Saudi Arabian Grand Prix,2025-04-20,17:00:00,75
1129,2025_6,76,6,Miami Grand Prix,2025-05-04,20:00:00,76
1130,2025_7,76,7,Emilia Romagna Grand Prix,2025-05-18,13:00:00,45
1131,2025_8,76,8,Monaco Grand Prix,2025-05-25,13:00:00,2
1132,2025_9,76,9,Spanish Grand Prix,2025-06-01,13:00:00,56
1133,2025_10,76,10,Canadian Grand Prix,2025-06-15,18:00:00,44
1134,2025_11,76,11,Austrian Grand Prix,2025-06-29,13:00:00,34
1135,2025_12,76,12,British Grand Prix,2025-07-06,14:00:00,1
1136,2025_13,76,13,Belgian Grand Prix,2025-07-27,13:00:00,5
1137,2025_14,76,14,Hungarian Grand Prix,2025-08-03,13:00:00,52
1138,2025_15,76,15,Dutch Grand Prix,2025-08-31,13:00:00,11
1139,2025_16,76,16,Italian Grand Prix,2025-09-07,13:00:00,7
1140,2025_17,76,17,Azerbaijan Grand Prix,2025-09-21,11:00:00,71
1141,2025_18,76,18,Singapore Grand Prix,2025-10-05,12:00:00,65
1142,2025_19,76,19,United States Grand Prix,2025-10-19,19:00:00,69
1143,2025_20,76,20,Mexico City Grand Prix,2025-10-26,20:00:00,23
1144,2025_21,76,21,São Paulo Grand Prix,2025-11-09,17:00:00,37
1145,2025_23,76,23,Qatar Grand Prix,2025-11-30,16:00:00,74
1146,2025_24,76,24,Abu Dhabi Grand Prix,2025-12-07,13:00:00,66
